date_time,room,theatre,imdb_id
2013-03-20 20:20,11,LILLE,tt1588173
2013-04-03 20:20,8,LILLE,tt1583421
2013-04-09 20:20,9,LILLE,tt2053463
2013-04-14 19:45,1,LILLE,tt1483013
2013-04-15 20:00,3,LILLE,tt2244901
2013-04-18 16:30,11,LILLE,tt1462900
2013-04-23 20:10,4,LILLE,tt0481499
2013-04-23 22:00,6,LILLE,tt2276778
2013-04-26 18:10,4,LILLE,tt2354181
2013-05-03 18:10,8,LILLE,tt2855342
2013-05-13 19:45,4,LILLE,tt1381404
2013-05-19 19:35,13,LILLE,tt1300854
2013-05-23 20:20,9,LILLE,tt1602613
2013-05-23 22:15,7,LILLE,tt1047011
2013-05-24 18:05,6,LILLE,tt0848537
2013-05-24 20:15,14,LILLE,tt1924429
2013-05-24 22:10,2,LILLE,tt1931435
2013-05-26 16:30,4,LILLE,tt1905041
2013-05-26 19:15,3,LILLE,tt1343092
2013-06-02 20:15,12,LILLE,tt0848537
2013-06-03 20:15,4,LILLE,tt1911644
2013-06-03 22:05,9,LILLE,tt1951261
2013-06-04 19:30,12,LILLE,tt2404461
2013-06-14 20:00,13,LILLE,tt1815862
2013-06-14 22:15,2,LILLE,tt2602664
2013-06-20 16:45,8,LILLE,tt1408101
2013-06-20 19:15,6,LILLE,tt0770828
2013-06-20 22:15,3,LILLE,tt2132285
2013-06-23 19:15,6,LILLE,tt0770828
2013-07-09 19:55,9,LILLE,tt1690953
2013-07-09 22:15,13,LILLE,tt1821641
2013-07-15 18:00,6,LILLE,tt2320274
2013-07-15 20:20,8,LILLE,tt1453405
2013-07-18 13:50,10,LILLE,tt1872102
2013-07-18 15:50,7,LILLE,tt1872101
2013-07-18 19:40,1,LILLE,tt1663662
2013-07-18 22:10,3,LILLE,tt0816711
2013-07-28 13:50,6,LILLE,tt1430132
2013-07-30 19:40,12,LILLE,tt0816711
2013-08-12 13:50,7,LILLE,tt0790736
2013-08-12 15:45,6,LILLE,tt1670345
2013-08-12 17:55,10,LILLE,tt2184339
2013-08-13 10:45,9,LILLE,tt1210819
2013-08-13 13:40,12,LILLE,tt2017020
2013-08-15 20:10,1,LILLE,tt1854564
2013-08-16 11:00,9,LILLE,tt1535108
2013-08-25 17:55,4,LILLE,tt1457767
2013-09-02 19:55,14,LILLE,tt1535108
2013-09-12 17:55,13,LILLE,tt1650554
2013-09-18 19:50,6,LILLE,tt1291580
2013-09-23 19:30,9,LILLE,tt1327773
2013-09-27 19:45,8,LILLE,tt1979320
2013-09-27 22:10,9,LILLE,tt3013258
2013-09-28 13:30,4,LILLE,tt1272878
2013-09-29 18:05,6,LILLE,tt2364841
2013-09-29 19:45,10,LILLE,tt1411250
2013-10-01 21:30,1,MAJESTIC,tt2334873
2013-10-24 18:15,13,LILLE,tt2207072
2013-10-24 20:15,1,LILLE,tt1454468
2013-10-24 22:05,2,LILLE,tt1981107
2013-10-26 19:30,14,LILLE,tt1538403
2013-10-27 18:15,6,MAJESTIC,tt1392214
2013-11-05 19:30,12,LILLE,tt1706620
2013-11-07 18:05,10,LILLE,tt1981115
2013-11-07 20:15,4,LILLE,tt1731141
2013-11-08 11:00,12,LILLE,tt2194499
2013-11-01 20:00,1,LILLE,tt2193215
2013-11-17 22:00,12,LILLE,tt2873250
2013-11-25 19:30,6,LILLE,tt1535109
2013-11-27 22:20,11,LILLE,tt2231630
2013-11-28 20:15,9,LILLE,tt1951264
2013-11-30 10:55,12,LILLE,tt1951181
2013-12-01 20:15,5,LILLE,tt1240899
2013-12-03 20:00,8,LILLE,tt3146360
2013-12-04 22:20,8,LILLE,tt2294629
2013-12-07 10:55,11,LILLE,tt2249221
2013-12-13 17:00,6,LILLE,tt1170358
2013-12-13 20:05,5,LILLE,tt1204975
2013-12-13 22:15,3,LILLE,tt2319018
2013-12-23 14:10,13,LYON PART-DIEU,tt2294629
2013-12-26 22:15,4,LILLE,tt2668134
2013-12-27 17:50,3,LILLE,tt0993846
2014-01-01 16:30,8,LILLE,tt0359950
2014-01-01 14:15,2,LILLE,tt1091191
2014-01-11 10:55,2,LILLE,tt2431286
2014-01-15 22:15,4,LILLE,tt2545186
2014-01-23 17:55,11,LILLE,tt3433668
2014-01-23 19:40,9,LILLE,tt2013293
2014-01-24 17:55,4,LILLE,tt1661382
2014-01-24 20:05,3,LILLE,tt2442502
2014-01-26 19:30,1,LILLE,tt2024544
2014-01-27 18:00,14,LILLE,tt1206543
2014-01-29 22:15,12,LILLE,tt2382422
2014-01-30 20:20,4,LILLE,tt1205537
2014-01-30 22:15,11,LILLE,tt0790636
2014-01-31 20:15,8,LILLE,tt1418377
2014-02-01 11:00,6,LILLE,tt2368672
2014-02-05 22:05,6,LILLE,tt1234721
2014-02-08 11:00,6,LILLE,tt3112654
2014-02-09 17:50,11,LILLE,tt1181840
2014-02-09 19:30,1,LILLE,tt1800241
2014-02-12 22:05,8,LILLE,tt0864835
2014-02-17 14:00,1,MAJESTIC,tt2316801
2014-02-14 20:05,2,LILLE,tt2289526
2014-02-14 22:00,9,LILLE,tt3092076
2014-02-19 22:15,6,LILLE,tt1490017
2014-02-26 22:25,4,LILLE,tt2278388
2014-02-27 19:45,10,LILLE,tt1322269
2014-02-27 21:50,6,LILLE,tt3421514
2014-03-01 10:55,13,LILLE,tt2705326
2014-03-01 20:20,3,LILLE,tt2024469
2014-03-01 22:20,2,LILLE,tt3230092
2014-03-05 22:15,6,LILLE,tt1253863
2014-03-08 10:50,4,LILLE,tt2140373
2014-03-08 18:00,13,LILLE,tt3129564
2014-03-12 22:15,06,LILLE,tt2836252
2014-03-18 16:45,6,LILLE,tt2177771
2014-03-21 13:50,1,LILLE,tt3202408
2014-03-21 15:40,2,LILLE,tt1837709
2014-03-23 11:00,1,LILLE,tt1798709
2014-03-26 22:15,11,LILLE,tt2454430
2014-03-27 19:30,6,LILLE,tt1843866
2014-03-29 13:40,4,MAJESTIC,tt2280964
2014-03-29 20:05,14,LILLE,tt2172934
2014-04-02 22:20,8,LILLE,tt2536428
2014-04-09 22:20,11,LILLE,tt2258345
2014-04-11 19:30,6,LILLE,tt1959490
2014-04-12 14:00,3,LILLE,tt1840309
2014-04-12 16:30,12,LILLE,tt2571502
2014-04-13 10:30,8,LILLE,tt2357291
2014-04-16 22:20,1,LILLE,tt2800240
2014-04-24 15:55,4,LILLE,tt1430612
2014-04-24 17:45,8,LILLE,tt3013602
2014-04-26 20:25,3,LILLE,tt3202670
2014-04-26 22:10,6,LILLE,tt2760634
2014-04-30 22:25,4,LILLE,tt3202120
2014-05-03 16:35,8,LILLE,tt1872181
2014-05-09 18:00,11,LILLE,tt2976864
2014-05-09 19:45,14,LILLE,tt2382396
2014-05-10 15:50,13,LILLE,tt3136752
2014-05-10 17:50,5,LILLE,tt2806878
2014-05-11 13:55,2,MAJESTIC,tt1967545
2014-05-25 19:40,1,LILLE,tt1877832
2014-05-25 22:00,8,LILLE,tt0831387
2014-05-31 13:30,11,LILLE,tt2113681
2014-06-01 15:35,4,MAJESTIC,tt3178174
2014-06-07 15:50,6,LILLE,tt1631867
2014-06-07 17:55,9,LILLE,tt1587310
2014-06-12 17:55,11,LILLE,tt3104572
2014-06-25 19:20,12,LILLE,tt2576852
2014-06-26 19:50,1,LILLE,tt2209764
2014-07-18 17:00,6,LILLE,tt2109248
2014-07-22 18:05,9,LILLE,tt1646971
2014-07-24 11:05,7,LILLE,tt3499754
2014-07-26 20:15,10,LILLE,tt2975578
2014-08-03 16:40,6,LILLE,tt2103281
2014-08-08 18:00,9,LILLE,tt2872732
2014-08-12 16:00,4,LILLE,tt2004420
2014-08-12 17:50,6,LILLE,tt1980929
2014-08-13 14:00,4,MAJESTIC,tt2992146
2014-08-13 16:00,10,LILLE,tt2870708
2014-08-14 16:00,11,LILLE,tt2106361
2014-08-16 14:00,6,LILLE,tt2015381
2014-08-24 10:55,9,LILLE,tt2582846
2014-08-24 19:30,10,LILLE,tt2333784
2014-08-26 18:05,11,LILLE,tt3204144
2014-08-26 19:50,13,LILLE,tt2452254
2014-08-27 17:30,3,MAJESTIC,tt2391821
2014-08-30 10:40,8,LILLE,tt2316411
2014-09-11 17:55,9,LILLE,tt1956620
2014-09-13 15:50,1,LILLE,tt2788556
2014-09-13 18:00,6,LILLE,tt2891070
2014-09-20 14:00,12,LILLE,tt1972571
2014-09-24 18:05,12,LILLE,tt3242352
2014-10-01 18:05,6,LILLE,tt3433358
2014-10-01 19:50,12,LILLE,tt1528071
2014-10-03 18:00,9,LILLE,tt2978426
2014-10-03 19:30,11,LILLE,tt0455944
2014-10-11 15:50,2,LILLE,tt1726592
2014-10-11 17:30,9,LILLE,tt2267998
2014-10-15 20:10,8,LILLE,tt1291150
2014-10-15 22:00,13,LILLE,tt0365907
2014-10-16 20:00,9,LILLE,tt1790864
2014-10-20 16:10,10,LILLE,tt3322940
2014-10-20 17:55,9,LILLE,tt0787474
2014-10-21 14:00,1,LILLE,tt3399024
2014-10-23 16:00,12,LILLE,tt2870756
2014-10-23 17:50,9,LILLE,tt3022526
2014-10-23 19:30,6,LILLE,tt2713180
2014-10-24 13:45,5,LILLE,tt3985434
2014-10-28 10:50,2,LILLE,tt1872194
2014-10-29 16:00,1,LILLE,tt2911666
2014-10-30 13:50,11,LILLE,tt2402157
2014-10-30 15:50,12,LILLE,tt3480164
2014-11-06 18:05,4,LILLE,tt3184934
2014-11-06 19:55,11,LILLE,tt2515030
2014-11-11 18:00,9,LILLE,tt0816692
2014-11-16 15:55,14,LILLE,tt1247690
2014-11-16 17:50,11,LILLE,tt3365778
2014-11-18 21:20,3,MAJESTIC,tt2614684
2014-11-21 18:00,10,LILLE,tt3324494
2014-11-21 19:45,9,LILLE,tt1951265
2014-11-23 14:00,11,LILLE,tt2343793
2014-11-23 16:30,12,LILLE,tt3161960
2014-11-25 20:20,2,MAJESTIC,tt3612616
2014-11-26 17:50,1,LILLE,tt3759416
2014-11-29 13:55,3,LILLE,tt2872718
2014-12-07 13:50,9,LILLE,tt1109624
2014-12-07 15:35,7,LILLE,tt2177827
2014-12-07 17:50,1,LILLE,tt2935564
2014-12-13 10:45,1,LILLE,tt2310332
2014-12-17 20:15,12,LILLE,tt1911658
2014-12-26 14:00,9,LILLE,tt1528100
2014-12-26 10:50,1,LILLE,tt3547740
2015-01-10 19:05,3,MAJESTIC,tt1179031
2015-01-05 18:10,5,LILLE,tt3398268
2015-01-24 18:00,6,LILLE,tt2446042
2015-01-24 19:55,8,LILLE,tt2980516
2015-01-25 14:00,6,MAJESTIC,tt3433622
2015-01-25 15:50,4,LILLE,tt3045616
2015-01-31 15:50,6,LILLE,tt2084970
2015-02-01 11:15,4,MAJESTIC,tt2180411
2015-02-04 19:45,12,LILLE,tt1809398
2015-02-04 22:10,9,LILLE,tt2692250
2015-02-13 20:00,8,LILLE,tt1617661
2015-02-13 22:25,8,LILLE,tt2245084
2015-02-14 11:15,1,MAJESTIC,tt3037028
2015-02-14 13:20,6,LILLE,tt2322441
2015-02-17 21:00,6,MAJESTIC,tt1605717
2015-02-21 13:55,8,LILLE,tt2802144
2015-02-21 16:05,2,LILLE,tt2392672
2015-02-22 14:00,1,LILLE,tt2179136
2015-02-25 19:45,8,LILLE,tt2909116
2015-02-28 13:55,8,LILLE,tt2562232
2015-02-28 15:55,4,LILLE,tt2436386
2015-03-03 19:45,6,LILLE,tt2179136
2015-03-06 10:40,6,LILLE,tt1823672
2015-03-08 15:50,3,LILLE,tt4080672
2015-03-17 20:10,11,LILLE,tt1567437
2015-03-22 16:45,12,LILLE,tt2717822
2015-03-22 19:30,1,MAJESTIC,tt1126590
2015-03-27 18:05,6,LILLE,tt2381941
2015-03-27 20:00,4,LILLE,tt2908446
2015-03-29 20:15,9,LILLE,tt4058500
2015-03-29 22:20,1,LILLE,tt1661199
2015-04-01 19:40,6,LILLE,tt2820852
2015-04-01 22:10,9,LILLE,tt2872750
2015-04-06 15:55,7,LILLE,tt3817962
2015-04-11 18:00,8,LILLE,tt2402101
2015-04-21 17:30,2,MAJESTIC,tt2395417
2015-04-23 17:50,13,LILLE,tt2224026
2015-04-23 19:30,4,MAJESTIC,tt1767372
2015-04-24 16:45,1,LILLE,tt2395427
2015-04-25 18:00,7,LILLE,tt4032428
2015-05-02 14:00,4,MAJESTIC,tt1707380
2015-05-03 20:15,9,LILLE,tt3913206
2015-05-09 14:00,4,LILLE,tt2639254
2015-05-09 16:00,8,LILLE,tt4466936
2015-05-13 20:15,5,LILLE,tt3717532
2015-05-14 19:50,11,LILLE,tt3791302
2015-05-16 19:35,6,MAJESTIC,tt3155242
2015-05-19 19:50,1,LILLE,tt1392190
2015-05-24 17:00,3,LILLE,tt1964418
2015-05-30 13:50,1,LILLE,tt2126355
2015-05-30 15:50,12,LILLE,tt1881002
2015-06-04 20:15,4,LILLE,tt0470752
2015-06-04 22:20,11,LILLE,tt3896710
2015-06-21 14:00,1,MAJESTIC,tt4120210
2015-06-21 15:30,2,MAJESTIC,tt2096673
2015-06-26 18:00,4,LILLE,tt2191765
2015-06-26 19:45,3,LILLE,tt0369610
2015-07-08 19:45,10,LILLE,tt1340138
2015-07-11 16:00,14,LILLE,tt3966404
2015-07-11 17:50,1,LILLE,tt2293640
2015-07-12 18:00,9,LILLE,tt3713944
2015-07-12 19:40,2,LILLE,tt3278330
2015-07-19 14:00,8,LILLE,tt0478970
2015-08-01 18:05,1,LILLE,tt1754656
2015-08-01 20:00,4,LILLE,tt1798684
2015-08-05 15:50,6,LILLE,tt1502712
2015-08-06 20:00,10,LILLE,tt2140379
2015-08-09 17:15,3,MAJESTIC,tt2614722
2015-08-11 18:00,8,LILLE,tt2637276
2015-08-14 19:55,6,LILLE,tt2381249
2015-08-14 22:10,2,LILLE,tt3622592
2015-08-16 13:50,8,LILLE,tt1727770
2015-08-22 20:10,3,LILLE,tt3316948
2015-09-02 20:15,6,LILLE,tt4082068
2015-09-02 22:10,4,LILLE,tt3811986
2015-09-12 19:45,8,LILLE,tt4466556
2015-09-14 19:15,1,MAJESTIC,tt3792960
2015-09-15 20:20,1,LILLE,tt1291570
2015-09-17 20:10,5,LILLE,tt2938956
2015-09-18 20:15,4,LILLE,tt1596345
2015-09-19 20:15,9,LILLE,tt1638355
2015-09-20 20:15,8,LILLE,tt2296747
2015-10-04 18:05,7,LILLE,tt4685750
2015-10-04 19:50,1,LILLE,tt2719848
2015-10-04 22:10,11,LILLE,tt4025194
2015-10-11 16:30,11,LILLE,tt3397884
2015-10-13 20:15,14,LILLE,tt3582040
2015-10-13 22:10,11,LILLE,tt2510894
2015-10-14 19:40,6,LILLE,tt4046784
2015-10-18 14:00,9,LILLE,tt2554274
2015-10-18 16:00,8,LILLE,tt3715320
2015-10-23 20:15,8,LILLE,tt3332064
2015-10-24 13:45,7,LILLE,tt3858372
2015-10-24 15:15,4,MAJESTIC,tt3011816
2015-10-27 20:20,1,LILLE,tt3659388
2015-11-02 13:50,11,LILLE,tt3464902
2015-11-08 14:00,13,LILLE,tt3488710
2015-11-10 20:15,8,LILLE,tt4084056
2015-11-12 19:05,9,LILLE,tt2379713
2015-11-15 16:45,13,LILLE,tt3319920
2015-11-20 19:50,11,LILLE,tt2884018
2015-11-21 10:30,6,LILLE,tt1951266
2015-11-24 20:15,11,LILLE,tt3814316
2015-11-27 21:15,4,MAJESTIC,tt1355683
2015-11-29 22:00,8,LILLE,tt1979388
2015-12-02 18:00,7,LILLE,tt4228294
2015-12-02 19:45,11,LILLE,tt4449576
2015-12-20 15:40,14,LILLE,tt3411432
2015-12-21 18:35,2,MAJESTIC,tt3682448
2015-12-22 17:50,9,LILLE,tt4400058
2015-12-22 22:20,3,LILLE,tt1918911
2015-12-23 19:30,3,LILLE,tt1596363
2015-12-23 21:45,1,LILLE,tt2488496
2015-12-27 13:45,11,LILLE,tt2452042
2016-01-01 13:50,4,LILLE,tt4531006
2016-01-12 20:00,11,LILLE,tt4505118
2016-01-18 20:20,1,LILLE,tt3460252
2016-01-19 20:00,9,LILLE,tt4283358
2016-01-24 16:30,9,LILLE,tt0810819
2016-01-30 15:55,1,LILLE,tt2140037
2016-01-31 13:25,9,LILLE,tt2304933
2016-02-01 20:00,9,LILLE,tt5078326
2016-02-04 17:45,7,LILLE,tt2446980
2016-02-04 19:50,9,LILLE,tt2080374
2016-02-06 13:45,1,MAJESTIC,tt4731504
2016-02-06 15:45,9,LILLE,tt2974918
2016-02-06 17:50,8,LILLE,tt4400038
2016-02-07 16:55,5,MAJESTIC,tt4272866
2016-02-14 18:00,1,LILLE,tt1431045
2016-02-16 20:20,8,LILLE,tt4515544
2016-02-18 20:15,8,LILLE,tt4250606
2016-02-19 20:15,2,LILLE,tt4505208
2016-02-20 13:45,9,LILLE,tt0475290
2016-02-28 10:40,1,LILLE,tt1663202
2016-02-23 20:15,8,LILLE,tt4447076
2016-02-22 20:15,6,LILLE,tt2948356
2016-02-28 14:00,12,LILLE,tt2025690
2016-03-06 13:40,4,LILLE,tt1608290
2016-03-09 20:15,1,LILLE,tt3410834
2016-03-12 17:05,2,MAJESTIC,tt3508840
2016-03-12 18:55,1,MAJESTIC,tt2381111
2016-03-16 20:10,10,LILLE,tt1712261
2016-03-16 22:10,4,LILLE,tt3577624
2016-03-26 15:45,13,LILLE,tt2649554
2016-03-27 13:45,1,LILLE,tt2975590
2016-03-28 15:50,3,LILLE,tt1179933
2016-03-30 10:45,9,LILLE,tt2267968
2016-04-06 21:00,5,MAJESTIC,tt0462335
2016-04-10 15:40,1,LILLE,tt2441982
2016-04-10 19:30,2,MAJESTIC,tt1172049
2016-04-16 11:00,7,LILLE,tt2865120
2016-04-17 13:40,3,LILLE,tt3147312
2016-04-18 20:00,6,LILLE,tt3040964
2016-04-21 13:30,12,LILLE,tt4428740
2016-04-21 15:30,1,LILLE,tt2381991
2016-05-01 15:50,10,LILLE,tt3450900
2016-05-01 17:40,4,MAJESTIC,tt4062536
2016-05-01 19:15,1,LILLE,tt3498820
2016-05-04 20:15,1,LILLE,tt4699388
2016-05-08 20:15,7,LILLE,tt3168230
2016-05-14 15:35,2,LILLE,tt1850457
2016-05-14 17:40,11,LILLE,tt1985949
2016-05-15 15:30,5,MAJESTIC,tt4125300
2016-05-19 20:10,10,LILLE,tt2241351
2016-05-20 20:05,4,LILLE,tt3799694
2016-05-21 13:45,2,LILLE,tt4513674
2016-05-23 20:15,8,LILLE,tt2515180
2016-05-25 19:25,3,LILLE,tt3385516
2016-06-05 18:00,1,LILLE,tt2567026
2016-06-06 20:05,10,LILLE,tt5324800
2016-06-10 19:30,8,LILLE,tt0803096
2016-06-13 20:10,13,LILLE,tt4720654
2016-06-21 20:15,8,LILLE,tt4643432
2016-06-22 20:10,1,LILLE,tt2277860
2016-06-26 20:15,12,LILLE,tt5555502
2016-06-29 19:00,2,MAJESTIC,tt3666024
2016-07-03 14:00,13,LILLE,tt5114984
2016-07-03 15:55,1,LILLE,tt4979860
2016-07-03 17:40,5,LILLE,tt4840554
2016-07-11 18:05,1,LILLE,tt0918940
2016-07-11 20:10,10,LILLE,tt3949660
2016-07-11 22:00,7,LILLE,tt5058358
2016-07-14 14:00,6,LILLE,tt5597946
2016-07-14 15:50,8,LILLE,tt3416828
2016-07-23 14:00,1,LILLE,tt1628841
2016-07-27 22:00,9,LILLE,tt2709768
2016-07-23 20:15,9,LILLE,tt3691740
2016-07-27 19:30,1,LILLE,tt3110958
2016-08-01 16:15,6,MAJESTIC,tt2093991
2016-08-01 17:50,10,LILLE,tt4776964
2016-08-04 19:45,1,LILLE,tt1386697
2016-08-13 13:30,1,LILLE,tt4196776
2016-08-13 15:40,9,LILLE,tt4926822
2016-08-14 13:40,3,MAJESTIC,tt4116116
2016-08-14 19:50,10,LILLE,tt1289401
2016-08-15 15:40,2,MAJESTIC,tt4746484
2016-08-15 19:50,3,LILLE,tt5700672
2016-08-16 20:25,4,MAJESTIC,tt5215952
2016-08-17 19:40,1,LILLE,tt2660888
2016-08-19 20:10,11,LILLE,tt2788732
2016-08-24 20:15,1,LILLE,tt3531824
2016-08-28 13:45,6,LILLE,tt1489889
2016-09-04 17:50,6,LILLE,tt1489889
2016-09-07 19:00,1,MAJESTIC,tt3564574
2016-09-08 19:50,6,LILLE,tt2638144
2016-09-14 22:15,1,LILLE,tt5078214
2016-09-16 18:00,9,LILLE,tt5029608
2016-09-17 14:00,3,LILLE,tt2582782
2016-09-19 20:15,9,LILLE,tt2005151
2016-09-20 19:50,12,LILLE,tt4897822
2016-09-21 19:40,10,LILLE,tt1355631
2016-09-25 17:50,8,LILLE,tt4302938
2016-09-29 22:15,6,LILLE,tt5253294
2016-10-02 14:00,9,LILLE,tt2404435
2016-10-04 20:15,3,LILLE,tt4645368
2016-10-03 22:15,12,LILLE,tt2547584
2016-10-06 19:45,6,LILLE,tt1935859
2016-10-08 19:50,6,LILLE,tt1473832
2016-10-15 19:50,11,LILLE,tt3553976
2016-10-20 20:15,1,LILLE,tt5029602
2016-10-22 14:00,6,LILLE,tt3393786
2016-10-22 20:05,2,LILLE,tt1679335
2016-10-29 16:45,13,LILLE,tt3631112
2016-10-29 18:55,1,LILLE,tt1211837
2016-10-31 18:05,3,LILLE,tt5197068
2016-11-09 19:55,1,LILLE,tt3062096
2016-11-12 19:45,11,LILLE,tt2140479
2016-11-18 19:30,1,LILLE,tt3183660
2016-11-25 20:15,4,LILLE,tt5091538
2016-11-26 10:55,10,LILLE,tt5598110
2016-11-26 13:30,13,LILLE,tt4680196
2016-12-02 20:00,8,LILLE,tt3521164
2016-12-03 14:05,4,LILLE,tt1700841
2016-12-04 13:50,8,LILLE,tt3263904
2016-12-04 15:50,11,LILLE,tt5078204
2016-12-08 19:40,10,LILLE,tt3640424
2016-12-10 14:00,10,LILLE,tt2543164
2016-12-10 16:00,9,LILLE,tt5833730
2016-12-11 19:15,12,LILLE,tt2119532
2016-12-13 20:00,12,LILLE,tt4714782
2016-12-14 19:10,2,LILLE,tt4034228
2016-12-18 13:55,1,LILLE,tt3748528
2016-12-19 20:00,5,LILLE,tt2261287
2016-12-22 19:55,1,LILLE,tt2094766
2016-12-24 10:30,11,LILLE,tt1594972
2016-12-24 14:00,14,LILLE,tt5247022
2016-12-25 18:05,11,LILLE,tt4682786
2016-12-28 16:30,1,LILLE,tt1355644
2016-12-29 18:00,12,LILLE,tt5311514
2017-01-02 16:00,11,LILLE,tt3470600
2017-01-04 18:55,6,MAJESTIC,tt3416532
2017-01-05 19:50,9,LILLE,tt4550098
2017-01-16 17:55,1,LILLE,tt2034800
2017-01-22 13:50,11,LILLE,tt2361317
2017-01-25 19:30,1,LILLE,tt3783958
2017-01-27 18:10,8,LILLE,tt5157682
2017-02-04 15:25,6,LILLE,tt5736696
2017-02-13 13:30,5,LILLE,tt4466894
2017-02-16 14:00,4,LILLE,tt5657028
2017-02-16 20:20,9,LILLE,tt4731136
2017-02-17 18:00,5,LILLE,tt4116284
2017-02-21 19:40,1,LILLE,tt5351818
2017-02-25 19:40,2,LILLE,tt3262342
2017-02-26 19:45,1,LILLE,tt4972582
2017-03-03 20:15,9,LILLE,tt6063866
2017-03-04 10:50,1,LILLE,tt3315342
2017-03-04 19:50,4,LILLE,tt2763304
2017-03-07 19:50,5,LILLE,tt4385888
2017-03-08 19:40,1,LILLE,tt3731562
2017-03-09 19:30,11,LILLE,tt4846340
2017-03-16 20:15,8,LILLE,tt5834036
2017-03-18 19:10,9,LILLE,tt1212428
2017-03-22 19:30,6,LILLE,tt2771200
2017-03-26 20:15,5,LILLE,tt6445396
2017-03-28 19:25,4,MAJESTIC,tt4954522
2017-03-29 18:10,3,LILLE,tt5976178
2017-03-31 20:15,1,LILLE,tt1219827
2017-04-01 13:50,6,LILLE,tt3874544
2017-04-02 17:00,4,LILLE,tt3741834
2017-04-08 13:50,11,LILLE,tt2398241
2017-04-08 16:25,2,VDA,tt3717490
2017-04-09 13:50,1,LILLE,tt5804948
2017-04-09 20:00,14,LILLE,tt5975354
2017-04-12 18:15,10,LILLE,tt4693612
2017-04-13 20:15,2,LILLE,tt4291600
2017-04-18 10:50,9,LILLE,tt4630562
2017-04-18 20:00,8,LILLE,tt5442430
2017-04-19 19:20,12,LILLE,tt1800302
2017-04-20 20:00,1,LILLE,tt5544384
2017-04-23 13:45,6,LILLE,tt5969846
2017-04-28 17:45,9,LILLE,tt6009140
2017-04-29 10:50,1,LILLE,tt3896198
2017-05-05 20:15,8,LILLE,tt2568862
2017-05-06 13:35,1,LILLE,tt5052448
2017-05-10 19:25,6,LILLE,tt2316204
2017-05-13 20:15,13,LILLE,tt4645330
2017-05-16 19:45,6,LILLE,tt1972591
2017-05-20 13:15,11,LILLE,tt5687040
2017-05-25 14:00,1,LILLE,tt1790809
2017-06-04 13:40,12,LILLE,tt1734493
2017-06-04 17:50,9,LILLE,tt6081632
2017-06-05 13:45,3,MAJESTIC,tt3289956
2017-06-08 19:10,1,LILLE,tt0451279
2017-06-16 20:15,1,LILLE,tt2345759
2017-06-18 13:40,2,MAJESTIC,tt4158096
2017-06-23 19:30,9,LILLE,tt1469304
2017-06-24 16:00,4,LILLE,tt6947294
2017-06-28 21:30,6,LILLE,tt3371366
2017-07-08 10:50,10,LILLE,tt4977530
2017-07-08 15:55,4,LILLE,tt6286630
2017-07-08 17:45,11,LILLE,tt6645154
2017-07-09 16:05,4,MAJESTIC,tt4547056
2017-07-11 20:05,6,LILLE,tt3469046
2017-07-13 19:15,6,LILLE,tt2250912
2017-07-14 10:30,5,LILLE,tt5770430
2017-07-14 15:50,11,LILLE,tt5731132
2017-07-15 13:30,7,LILLE,tt5247704
2017-07-16 15:45,11,LILLE,tt6314690
2017-07-19 20:05,4,LILLE,tt4287320
2017-07-20 19:45,8,LILLE,tt3890160
2017-07-21 20:15,10,LILLE,tt7023354
2017-07-21 22:05,3,LILLE,tt6021860
2017-07-22 13:40,1,LILLE,tt5013056
2017-07-25 20:00,11,LILLE,tt3606752
2017-07-25 21:55,1,LILLE,tt2239822
2017-07-29 13:30,10,LILLE,tt4411596
2017-07-29 17:55,12,LILLE,tt2331100
2017-08-03 16:20,1,LILLE,tt3450958
2017-08-03 21:00,3,MAJESTIC,tt5037626
2017-08-05 20:50,4,MAJESTIC,tt2062700
2017-08-11 18:00,6,LILLE,tt1648190
2017-08-13 11:00,5,LILLE,tt5715410
2017-08-13 20:00,8,LILLE,tt2406566
2017-08-24 18:10,9,LILLE,tt5592248
2017-08-25 19:45,9,LILLE,tt1959563
2017-08-25 22:00,12,LILLE,tt4629266
2017-08-29 19:50,9,LILLE,tt1536537
2017-09-05 15:30,7,LILLE,tt6452332
2017-09-06 13:25,4,LILLE,tt5362988
2017-09-06 15:55,6,LILLE,tt5629340
2017-09-06 17:40,2,LILLE,tt5972780
2017-09-07 16:30,12,LILLE,tt4769824
2017-09-16 13:15,1,LILLE,tt3532216
2017-09-17 15:30,4,MAJESTIC,tt4846232
2017-09-23 20:15,6,LILLE,tt6293032
2017-09-25 20:15,9,LILLE,tt6096500
2017-09-26 20:00,12,LILLE,tt6481478
2017-09-30 13:50,12,LILLE,tt6194538
2017-09-30 19:30,5,LILLE,tt5109784
2017-10-01 14:05,6,LILLE,tt6423776
2017-10-04 20:20,1,LILLE,tt1856101
2017-10-05 20:30,6,LILLE,tt5699154
2017-10-06 18:05,2,LILLE,tt6330052
2017-10-18 19:05,6,LILLE,tt4649466
2017-10-19 18:05,4,LILLE,tt6144762
2017-10-20 19:00,12,LILLE,tt4995790
2017-10-22 13:15,8,LILLE,tt6515342
2017-10-23 20:00,9,LILLE,tt6021478
2017-10-25 19:05,7,LILLE,tt5390504
2017-10-26 18:00,2,MAJESTIC,tt5258850
2017-10-28 14:00,1,LILLE,tt3501632
2017-10-29 13:40,4,MAJESTIC,tt5313906
2017-11-01 13:45,5,LILLE,tt5598160
2017-11-04 13:35,4,LILLE,tt6183834
2017-11-05 13:40,11,LILLE,tt3486626
2017-11-05 16:45,13,LILLE,tt5715874
2017-11-12 18:05,11,LILLE,tt5742374
2017-11-15 18:45,4,MAJESTIC,tt5208216
2017-11-17 19:45,1,LILLE,tt0974015
2017-11-22 17:50,8,LILLE,tt6470762
2017-11-25 15:30,12,LILLE,tt6304046
2017-11-26 15:45,9,LILLE,tt2380307
2017-11-28 20:00,6,LILLE,tt7018010
2017-12-02 16:45,3,LILLE,tt1758810
2017-12-03 16:30,11,LILLE,tt4468740
2017-12-10 15:40,11,LILLE,tt0491175
2017-12-12 20:05,7,LILLE,tt7219324
2017-12-13 18:45,1,MAJESTIC,tt3402236
2017-12-17 15:35,3,LILLE,tt3411444
2017-12-18 17:50,5,LILLE,tt6515420
2017-12-20 19:30,10,LILLE,tt2543472
2017-12-21 19:15,9,LILLE,tt2283362
2017-12-23 10:45,1,LILLE,tt2527336
2017-12-31 15:30,3,LILLE,tt6286668
2017-12-23 17:50,13,LILLE,tt7217028
2017-12-24 13:50,4,MAJESTIC,tt5649144
2017-12-29 16:35,10,LILLE,tt5061360
2017-12-29 19:10,11,LILLE,tt5294550
2017-12-31 13:30,2,LILLE,tt6350304
2017-12-31 20:05,9,LILLE,tt2380307
2018-01-01 13:50,3,METROPOLE,tt4420704
2018-01-12 19:15,9,LILLE,tt1389072
2018-01-13 15:45,6,LILLE,tt6923840
2018-01-13 17:50,2,LILLE,tt3741632
2018-01-21 19:30,4,LILLE,tt4555426
2018-01-21 13:15,1,LILLE,tt5027774
2018-01-24 19:30,7,LILLE,tt4209788
2018-01-26 20:20,9,LILLE,tt1485796
2018-01-26 22:10,5,LILLE,tt7491128
2018-01-27 13:30,11,LILLE,tt5723272
2018-01-28 13:50,6,LILLE,tt6294822
2018-01-30 18:05,8,LILLE,tt1590193
2018-02-02 18:05,8,LILLE,tt5825380
2018-02-03 16:00,1,LILLE,tt7066382
2018-02-04 15:50,12,LILLE,tt4701724
2018-02-08 19:15,9,LILLE,tt4500922
2018-02-14 18:00,9,LILLE,tt7064498
2018-02-18 13:45,6,LILLE,tt1825683
2018-02-20 20:15,11,LILLE,tt6336356
2018-02-21 19:00,1,MAJESTIC,tt5580390
2018-02-24 16:30,9,LILLE,tt6859418
2018-02-25 14:00,2,MAJESTIC,tt5776858
2018-03-01 18:05,12,LILLE,tt4925292
2018-03-03 14:15,13,LILLE,tt5580036
2018-03-03 16:30,11,LILLE,tt5726616
2018-03-08 20:15,6,LILLE,tt6820184
2018-03-15 13:30,1,LILLE,tt6838702
2018-03-15 20:10,11,LILLE,tt1620680
2018-03-16 14:00,6,LILLE,tt1365519
2018-03-17 13:45,3,LILLE,tt5478478
2018-03-22 20:05,1,LILLE,tt2557478
2018-03-24 13:30,9,LILLE,tt7839456
2018-03-24 15:30,5,LILLE,tt6414890
2018-03-24 18:00,6,LILLE,tt7141030
2018-03-28 20:30,6,LILLE,tt1677720
2018-03-28 18:05,12,LILLE,tt6781638
2018-03-31 13:55,2,LILLE,tt5360996
2018-04-04 18:00,6,LILLE,tt6995612
2018-04-05 19:00,9,LILLE,tt2873282
2018-04-08 18:05,3,LILLE,tt5092380
2018-04-12 21:00,2,LILLE,tt7238392
2018-04-13 20:15,11,LILLE,tt5843850
2018-04-15 13:55,9,LILLE,tt5104604
2018-04-19 20:20,4,LILLE,tt2704998
2018-04-21 16:00,8,LILLE,tt8098548
2018-04-21 20:15,6,LILLE,tt6960736
2018-04-23 19:25,1,MAJESTIC,tt6972372
2018-04-25 13:50,1,LILLE,tt4154756
2018-04-25 20:10,3,LILLE,tt7654872
2018-04-27 16:30,7,LILLE,tt4682788
2018-04-30 13:30,5,LILLE,tt5117670
2018-05-01 13:50,7,LILLE,tt2296777
2018-05-05 13:30,3,LILLE,tt2231461
2018-05-09 19:45,4,LILLE,tt7305366
2018-05-10 15:30,11,LILLE,tt3721964
2018-05-10 18:50,3,MAJESTIC,tt6632000
2018-05-11 13:35,9,LILLE,tt4964788
2018-05-12 18:00,1,METROPOLE,tt6069126
2018-05-14 18:40,1,MAJESTIC,tt7534054
2018-05-05 15:50,14,LILLE,tt5466186
2018-05-24 18:15,5,LILLE,tt5463162
2018-05-27 16:30,1,LILLE,tt3778644
2018-05-31 17:50,4,LILLE,tt8398768
2018-06-01 20:15,9,LILLE,tt7027092
2018-06-02 13:30,13,LILLE,tt5371168
2018-06-03 13:15,9,LILLE,tt4669264
2018-06-07 18:05,12,LILLE,tt6857166
2018-06-12 19:30,9,LILLE,tt4881806
2018-06-14 19:30,7,LILLE,tt6793580
2018-06-16 15:30,1,LILLE,tt5164214
2018-06-17 10:50,12,LILLE,tt6108178
2018-06-19 19:40,4,LILLE,tt1289403
2018-06-20 17:50,1,LILLE,tt6832138
2018-06-20 20:05,8,LILLE,tt6644200
2018-06-21 18:00,12,LILLE,tt7217128
2018-06-27 19:30,9,LILLE,tt5052474
2018-06-29 19:50,6,LILLE,tt5164432
2018-07-06 21:00,6,LILLE,tt3606756
2018-07-19 14:00,1,LILLE,tt5095030
2018-07-19 16:45,2,MAJESTIC,tt7156222
2018-07-21 16:00,11,LILLE,tt8476174
2018-07-22 13:40,7,LILLE,tt5758778
2018-07-23 13:40,2,MAJESTIC,tt6257174
2018-07-23 20:20,13,LILLE,tt7153766
2018-07-25 18:00,11,LILLE,tt8212614
2018-07-25 22:15,8,LILLE,tt5220122
2018-07-27 18:05,10,LILLE,tt5834262
2018-08-01 20:15,1,LILLE,tt4912910
2018-08-03 19:50,4,LILLE,tt6040662
2018-08-06 20:00,12,LILLE,tt6663582
2018-08-08 19:50,3,LILLE,tt4073790
2018-08-12 16:15,10,LILLE,tt5691670
2018-08-13 20:00,9,LILLE,tt7489740
2018-08-14 18:40,2,MAJESTIC,tt6869538
2018-08-15 13:25,6,LILLE,tt6892462
2018-08-27 16:00,9,LILLE,tt7654890
2018-08-27 19:30,1,LILLE,tt7349662
2018-08-28 13:30,6,LILLE,tt4779682
2018-08-28 16:00,3,MAJESTIC,tt5323662
2018-08-29 13:55,6,LILLE,tt6017942
2018-08-29 15:40,8,LILLE,tt4560436
2018-09-01 15:45,7,LILLE,tt3766354
2018-09-02 16:00,3,LILLE,tt8630054
2018-09-03 13:50,9,LILLE,tt7253216
2018-09-05 10:30,7,LILLE,tt4940416
2018-09-06 16:00,6,LILLE,tt6665904
2018-09-08 17:50,8,LILLE,tt6238896
2018-09-15 13:45,10,LILLE,tt7668870
2018-09-15 18:00,1,LILLE,tt6690004
2018-09-19 19:30,9,LILLE,tt6451260
2018-09-20 16:30,1,LILLE,tt4971344
2018-09-20 20:05,8,LILLE,tt7241074
2018-09-22 13:30,7,LILLE,tt7517232
2018-09-23 13:50,5,MAJESTIC,tt3892172
2018-09-26 13:40,1,LILLE,tt7205630
2018-10-01 18:00,5,LILLE,tt2119543
2018-10-04 16:30,6,LILLE,tt1517451
2018-10-06 13:20,12,LILLE,tt6527586
2018-10-07 13:40,4,LILLE,tt7773210
2018-10-12 19:00,8,LILLE,tt1270797
2018-10-13 13:55,8,LILLE,tt8763008
2018-10-17 17:50,8,LILLE,tt6182908
2018-10-18 19:05,1,LILLE,tt1213641
2018-10-20 13:10,10,LILLE,tt7169514
2018-10-26 19:30,12,LILLE,tt8267604
2018-10-27 14:00,2,LILLE,tt6913168
2018-10-27 16:00,4,LILLE,tt7489816
2018-10-28 14:00,1,LILLE,tt7476116
2018-10-28 18:00,11,LILLE,tt4575576
2018-10-31 18:10,2,LILLE,tt6543652
2018-10-31 20:55,1,MAJESTIC,tt1727824
2018-11-01 17:15,12,LILLE,tt10182822
2018-11-03 13:40,11,LILLE,tt7534068
2018-11-07 18:00,8,LILLE,tt6948326
2018-11-11 16:25,12,LILLE,tt6628394
2018-11-14 18:00,12,LILLE,tt7502234
2018-11-15 20:00,3,MAJESTIC,tt1034415
2018-11-16 19:20,1,LILLE,tt4123430
2018-11-17 14:05,3,LILLE,tt4951982
2018-11-18 13:40,7,LILLE,tt8260226
2018-11-23 15:50,12,LILLE,tt6708116
2018-11-23 17:55,11,LILLE,tt9016296
2018-11-25 14:00,11,LILLE,tt8001346
2018-11-28 14:00,12,LILLE,tt2709692
2018-11-28 20:10,11,LILLE,tt5523010
2018-11-29 14:00,1,LILLE,tt7210426
2018-11-30 19:30,3,LILLE,tt4218572
2018-12-01 15:50,4,LILLE,tt7721550
2018-12-06 20:05,5,LILLE,tt7543930
2018-12-12 19:30,8,LILLE,tt1571234
2018-12-18 20:00,1,LILLE,tt1477834
2018-12-19 19:45,4,LILLE,tt4633694
2018-12-28 18:40,5,MAJESTIC,tt6900448
2018-12-29 13:40,10,LILLE,tt7025976
2018-12-30 14:00,5,LILLE,tt4701182
2019-01-03 20:10,12,LILLE,tt7534150
2019-01-04 18:00,1,MAJESTIC,tt5028340
2019-01-05 15:20,6,LILLE,tt4844148
2019-01-11 17:50,9,LILLE,tt7201846
2019-01-12 13:50,6,LILLE,tt6343314
2019-01-13 13:40,1,LILLE,tt8633950
2019-01-17 18:00,4,LILLE,tt7250056
2019-01-18 19:20,1,LILLE,tt6823368
2019-01-19 16:20,4,MAJESTIC,tt7545524
2019-01-25 19:25,7,LILLE,tt5437928
2019-01-26 18:00,11,LILLE,tt8003558
2019-01-27 13:45,9,LILLE,tt6966692
2019-01-31 18:10,1,LILLE,tt6556670
2019-02-03 14:05,4,LILLE,tt7959026
2019-02-03 16:00,9,LILLE,tt5848272
2019-02-06 20:05,4,LILLE,tt2386490
2019-02-10 13:45,11,LILLE,tt5083738
2019-02-11 20:15,9,LILLE,tt7882250
2019-02-14 16:45,8,LILLE,tt0437086
2019-02-16 18:00,12,LILLE,tt8129966
2019-02-19 20:15,2,LILLE,tt8523334
2019-02-20 18:00,4,LILLE,tt7936092
2019-02-23 17:45,12,LILLE,tt7799386
2019-02-26 20:00,11,LILLE,tt7552686
2019-03-02 16:30,7,LILLE,tt6266538
2019-03-03 16:45,12,LILLE,tt2328900
2019-03-05 19:40,3,LILLE,tt5719748
2019-03-07 19:30,1,LILLE,tt4154664
2019-03-10 19:30,3,LILLE,tt7458762
2019-03-15 20:00,2,LILLE,tt8263936
2019-03-17 15:45,11,LILLE,tt7682382
2019-03-17 13:35,2,METROPOLE,tt8696440
2019-03-19 20:15,9,LILLE,tt8083606
2019-03-22 19:15,10,LILLE,tt6857112
2019-03-24 15:50,14,LILLE,tt7961060
2019-03-26 19:40,7,VDA,tt7654880
2019-03-31 16:30,3,LILLE,tt4042818
2019-04-02 20:00,1,LILLE,tt3861390
2019-04-07 15:35,3,LILLE,tt5968394
2019-04-14 15:30,10,LILLE,tt0837563
2019-04-15 19:15,9,LILLE,tt0448115
2019-04-16 20:05,6,LILLE,tt9235038
2019-04-19 20:50,1,METROPOLE,tt8171974
2019-04-20 15:15,3,METROPOLE,tt5791098
2019-04-21 13:40,12,LILLE,tt6428676
2019-04-22 17:35,4,MAJESTIC,tt7089878
2019-04-23 19:45,10,LILLE,tt4913966
2019-04-27 14:00,14,LILLE,tt7831674
2019-04-27 19:50,5,LILLE,tt8265928
2019-04-30 17:20,1,LILLE,tt4154796
2019-05-04 13:35,4,METROPOLE,tt8896640
2019-05-08 13:20,10,LILLE,tt2274648
2019-05-09 18:00,1,LILLE,tt5884052
2019-05-11 20:00,9,LILLE,tt6918220
2019-05-12 17:55,2,LILLE,tt8110662
2019-05-14 19:05,3,LILLE,tt8201404
2019-05-18 15:40,1,LILLE,tt8695030
2019-05-21 19:30,13,LILLE,tt2139881
2019-05-30 16:30,8,LILLE,tt6146586
2019-06-01 14:00,6,LILLE,tt3741700
2019-06-02 13:30,11,LILLE,tt8655574
2019-06-04 20:15,1,LILLE,tt8193790
2019-06-08 14:00,1,LILLE,tt6565702
2019-06-09 14:00,11,LILLE,tt6139732
2019-06-10 16:40,9,LILLE,tt6751668
2019-06-15 15:55,11,LILLE,tt2639336
2019-06-15 17:40,1,LILLE,tt2283336
2019-06-17 19:35,12,LILLE,tt2066051
2019-06-22 18:20,1,METROPOLE,tt3361792
2019-06-23 14:00,4,MAJESTIC,tt5952594
2019-06-27 17:55,2,LILLE,tt10183616
2019-06-30 20:15,1,LILLE,tt1979376
2019-07-02 20:00,5,VDA,tt6483364
2019-07-04 19:30,6,LILLE,tt6320628
2019-07-06 14:05,10,LILLE,tt8600414
2019-07-14 13:40,6,MAJESTIC,tt9850064
2019-07-16 19:30,9,LILLE,tt7456310
2019-07-18 17:55,13,LILLE,tt1298644
2019-07-19 19:55,4,LILLE,tt8079248
2019-07-21 13:35,14,LILLE,tt5117428
2019-07-21 20:10,7,LILLE,tt7942936
2019-07-23 20:00,4,LILLE,tt9563632
2019-07-27 13:40,12,LILLE,tt8364368
2019-07-30 19:40,5,LILLE,tt8000718
2019-08-01 16:15,6,LILLE,tt5113040
2019-08-04 16:00,3,MAJESTIC,tt9116358
2019-08-04 19:05,4,LILLE,tt8772262
2019-08-06 19:20,5,LILLE,tt6105098
2019-08-07 19:15,1,LILLE,tt6806448
2019-08-09 17:55,5,LILLE,tt4199898
2019-08-11 17:50,8,LILLE,tt9777790
2019-08-13 19:00,6,LILLE,tt6806448
2019-08-17 13:15,2,MAJESTIC,tt7131622
2019-08-17 18:45,3,MAJESTIC,tt8076344
2019-08-18 13:35,2,LILLE,tt10208198
2019-08-22 17:55,8,LILLE,tt5822564
2019-08-25 13:25,11,LILLE,tt3387520
2019-08-25 16:15,8,LILLE,tt6095472
2019-08-27 19:20,9,LILLE,tt8359840
2019-08-29 17:50,14,LILLE,tt6107548
2019-08-30 17:55,12,LILLE,tt7798634
2019-08-31 13:40,4,LILLE,tt6189022
2019-09-01 13:15,6,LILLE,tt8783532
2019-09-08 14:00,2,METROPOLE,tt7534102
2019-09-12 17:45,10,LILLE,tt9811374
2019-09-14 14:00,1,MAJESTIC,tt10407272
2019-09-19 10:30,1,LILLE,tt2935510
2019-09-19 16:25,9,LILLE,tt10204366
2019-09-22 13:30,5,LILLE,tt7248248
2019-09-24 16:20,2,METROPOLE,tt8613070
2019-09-26 20:00,11,LILLE,tt7139936
2019-09-29 15:40,8,LILLE,tt1206885
2019-10-01 19:45,1,VDA,tt7139936
2019-10-04 18:00,8,LILLE,tt8903840
2019-10-06 16:00,8,LILLE,tt10533078
2019-10-08 20:00,9,LILLE,tt1025100
2019-10-11 17:40,8,LILLE,tt10204940
2019-10-16 18:00,11,LILLE,tt6193408
2019-10-17 19:35,8,LILLE,tt4777008
2019-10-20 16:00,11,LILLE,tt6324278
2019-10-22 19:40,1,LILLE,tt7286456
2019-10-26 13:15,7,LILLE,tt9372116
2019-10-26 19:15,2,LILLE,tt6398184
2019-10-29 19:30,10,LILLE,tt6450804
2019-11-01 13:25,4,LILLE,tt1560220
2019-11-05 20:15,8,LILLE,tt5606664
2019-11-07 17:55,10,LILLE,tt10143498
2019-11-09 18:05,5,LILLE,tt8655470
2019-11-13 17:45,10,LILLE,tt10039344
2019-11-15 20:00,8,LILLE,tt9151382
2019-11-22 17:55,10,LILLE,tt9454778
2019-11-23 14:00,4,LILLE,tt9172422
2019-11-26 20:05,6,LILLE,tt4520988
2019-11-27 19:15,3,LILLE,tt2398149
2019-11-28 18:10,10,LILLE,tt8623904
2019-12-01 14:00,8,LILLE,tt8338930
2019-12-05 17:00,2,LILLE,tt1950186
2019-12-08 14:00,1,LILLE,tt9284430
2019-12-10 19:30,6,LILLE,tt7975244
2019-12-12 18:00,14,LILLE,tt1620981
2019-12-14 19:20,4,LILLE,tt8946378
2019-12-18 19:30,12,LILLE,tt11013572
2019-12-22 13:50,6,MAJESTIC,tt7374926
2019-12-25 14:00,4,LILLE,tt10537978
2019-12-25 15:35,13,LILLE,tt5697572
2019-12-26 10:40,1,LILLE,tt2527338
2019-12-27 14:00,3,LILLE,tt5033998
2019-12-27 19:00,6,MAJESTIC,tt9426210
2019-12-28 22:15,11,LILLE,tt5814534
2019-12-31 19:00,2,MAJESTIC,tt7984734
2020-01-02 17:45,12,LILLE,tt5563334
2020-01-04 14:00,11,LILLE,tt9041586
2020-01-08 19:50,9,LILLE,tt5774060
2020-01-12 13:40,12,LILLE,tt10199590
2020-01-14 20:10,5,VDA,tt7998848
2020-01-15 18:00,11,LILLE,tt9031048
2020-01-16 17:50,12,LILLE,tt8572922
2020-01-17 17:45,10,LILLE,tt3612126
2020-01-18 16:15,6,MAJESTIC,tt0385887
2020-01-21 20:30,6,LILLE,tt8579674
2020-01-26 15:30,9,LILLE,tt6394270
2020-01-30 17:05,6,LILLE,tt7715270
2020-01-31 18:00,6,LILLE,tt9908390
2020-02-01 13:30,1,LILLE,tt2584384
2020-02-02 13:30,8,LILLE,tt6270534
2020-02-02 15:15,13,LILLE,tt8925540
2020-02-08 13:15,1,LILLE,tt7713068
2020-02-09 15:40,6,MAJESTIC,tt9828918
2020-02-09 17:30,3,MAJESTIC,tt6487174
2020-02-09 19:30,5,LILLE,tt1502397
2020-02-14 17:55,1,LILLE,tt8335482
2020-02-15 15:25,10,LILLE,tt0983946
2020-02-15 20:00,9,LILLE,tt3794354
2020-02-16 13:40,2,LILLE,tt4916630
2020-02-18 18:00,13,LILLE,tt6673612
2020-02-20 18:00,1,LILLE,tt10251538
2020-02-22 11:00,3,LILLE,tt8367814
2020-02-22 15:50,12,LILLE,tt10658928
2020-02-23 13:45,7,LILLE,tt3281548
2020-02-25 17:35,5,MAJESTIC,tt9845110
2020-02-27 18:00,1,LILLE,tt9568486
2020-02-29 13:30,1,LILLE,tt7504726
2020-02-29 11:05,2,MAJESTIC,tt9071322
2020-03-02 19:20,8,LILLE,tt3513548
2020-03-03 19:25,6,LILLE,tt1051906
2020-03-05 18:20,12,LILLE,tt7146812
2020-03-08 17:55,3,LILLE,tt9625632
2020-03-10 19:45,5,LILLE,tt9209312
2020-03-14 16:30,2,LILLE,tt10880402
2020-06-28 16:30,4,LILLE,tt10441958
2020-06-28 19:00,3,MAJESTIC,tt6017756
2020-07-04 17:15,8,LILLE,tt11748354
2020-07-05 15:10,4,MAJESTIC,tt6818118
2020-07-07 18:40,9,LILLE,tt9076562
2020-07-09 19:30,9,LILLE,tt10426916
2020-07-10 18:30,3,LILLE,tt9747594
2020-07-10 20:20,9,LILLE,tt3152592
2020-07-11 16:30,1,MAJESTIC,tt6828390
2020-07-14 16:15,5,LILLE,tt9308382
2020-07-15 18:35,9,LILLE,tt9303772
2020-07-16 20:30,14,LILLE,tt6562628
2020-07-19 10:55,10,LILLE,tt10369344
2020-07-21 20:30,6,LILLE,tt10457128
2020-07-25 16:30,9,LILLE,tt2076298
2020-07-26 18:30,10,LILLE,tt9686708
2020-07-28 21:00,6,LILLE,tt7438706
2020-07-31 16:05,13,LILLE,tt9855978
2020-08-02 14:30,10,LILLE,tt10793644
2020-08-04 20:45,12,LILLE,tt10366254
2020-08-05 18:10,6,LILLE,tt10233406
2020-08-06 18:00,14,LILLE,tt9204164
2020-08-07 19:30,8,LILLE,tt7737786
2020-08-08 16:20,8,LILLE,tt4429160
2020-08-09 14:15,11,LILLE,tt6587640
2020-08-13 18:15,9,LILLE,tt11154574
2020-08-14 20:30,10,LILLE,tt12633744
2020-08-18 18:15,2,MAJESTIC,tt6063090
2020-08-19 18:05,10,LILLE,tt10003008
2020-08-24 16:10,2,LILLE,tt7772582
2020-08-25 20:30,8,LILLE,tt10059518
2020-08-27 18:30,4,LILLE,tt10627352
2020-08-29 14:00,3,LILLE,tt4682266
2020-08-30 14:00,11,LILLE,tt9665968
2020-09-01 19:45,6,LILLE,tt6723592
2020-09-03 18:15,9,LILLE,tt9850344
2020-09-09 18:20,5,LILLE,tt10965792
2020-09-10 20:45,2,MAJESTIC,tt8076110
2020-09-12 14:05,3,LILLE,tt10334410
2020-09-13 18:30,6,LILLE,tt9288726
2020-09-16 18:00,6,LILLE,tt11013434
2020-09-19 14:20,5,LILLE,tt10065694
2020-09-22 20:30,4,LILLE,tt11508096
2020-09-23 17:50,9,LILLE,tt9861288
2020-09-25 18:15,10,LILLE,tt0094625
2020-09-26 14:30,14,LILLE,tt11125636
2020-09-30 18:30,11,LILLE,tt9675786
2020-10-01 16:00,12,MAJESTIC,tt9041212
2020-10-01 17:30,6,LILLE,tt8881530
2020-10-04 14:05,4,LILLE,tt8143990
2020-10-06 18:15,8,LILLE,tt10023150
2020-10-07 18:30,11,LILLE,tt10621032
2020-10-13 19:20,9,LILLE,tt10638582
2020-10-15 18:20,12,LILLE,tt1838556
2020-10-17 16:25,5,MAJESTIC,tt11229766
2020-10-20 18:20,1,LILLE,tt8850222
2020-10-23 16:00,12,LILLE,tt10196398
2020-10-25 18:40,8,LILLE,tt10288566
2020-10-27 16:00,12,LILLE,tt11206302
2021-05-19 16:10,1,LILLE,tt11032374
2021-05-22 13:40,8,LILLE,tt6435934
2021-05-25 18:25,4,LILLE,tt9143112
2021-05-27 13:15,1,LILLE,tt10272386
2021-05-27 16:20,2,LILLE,tt12093860
2021-05-28 13:40,8,LILLE,tt9620292
2021-05-28 15:45,9,LILLE,tt8241000
2021-05-28 18:40,7,LILLE,tt11093134
2021-05-30 13:40,2,LILLE,tt8368294
2021-05-30 15:20,12,MAJESTIC,tt5752192
2021-06-01 18:45,9,LILLE,tt10019108
2021-06-04 17:15,2,MAJESTIC,tt10375106
2021-06-05 15:45,1,MAJESTIC,tt13204490
2021-06-05 17:20,10,LILLE,tt11002900
2021-06-08 19:00,9,LILLE,tt7888964
2021-06-11 19:15,6,LILLE,tt7069210
2021-06-12 13:45,9,LILLE,tt12105554
2021-06-13 13:30,8,LILLE,tt9770150
2021-06-14 19:45,14,LILLE,tt8521718
2021-06-15 20:00,11,LILLE,tt9665786
2021-06-16 19:45,1,LILLE,tt8332922
2021-06-20 13:40,1,MAJESTIC,tt11967116
2021-06-21 20:20,10,LILLE,tt10675724
2021-06-22 20:00,4,LILLE,tt11083552
2021-06-24 17:55,6,MAJESTIC,tt12879624
2021-06-26 13:40,1,MAJESTIC,tt8368512
2021-06-27 15:15,12,LILLE,tt2850386
2021-06-28 20:35,10,LILLE,tt10919380
2021-06-29 19:00,9,LILLE,tt3228774
2021-06-30 19:30,10,LILLE,tt11190652
2021-07-02 19:40,8,LILLE,tt13558724
2021-07-03 14:05,3,LILLE,tt8385148
2021-07-03 20:15,2,METROPOLE,tt6028620
2021-07-04 13:30,12,LILLE,tt8376234
2021-07-04 17:30,7,LILLE,tt11450972
2021-07-05 20:35,4,MAJESTIC,tt6290584
2021-07-06 18:55,11,LILLE,tt10366428
2021-07-07 20:25,4,MAJESTIC,tt1648186
2021-07-10 14:00,8,LILLE,tt6217926
2021-07-13 20:00,6,LILLE,tt3480822
2021-07-14 13:50,1,METROPOLE,tt6910282
2021-07-14 17:10,4,MAJESTIC,tt6570098
2021-07-14 18:55,11,LILLE,tt10537660
2021-07-17 10:50,13,LILLE,tt6823148
2021-07-18 17:15,1,LILLE,tt4761112
2021-07-20 19:30,9,LILLE,tt5433138
2021-07-21 18:15,9,LILLE,tt10954652
2021-07-24 13:55,1,MAJESTIC,tt10944760
2021-07-24 20:15,6,LILLE,tt9844322
2021-07-25 13:35,11,LILLE,tt3554046
2021-07-27 20:15,3,LILLE,tt9162090
2021-07-28 20:30,1,METROPOLE,tt10590506
2021-08-03 20:00,4,LILLE,tt0870154
2021-08-05 20:25,3,LILLE,tt3758814
2021-08-07 14:00,5,LILLE,tt10341040
2021-08-07 15:40,10,LILLE,tt10327252
2021-08-08 17:20,12,LILLE,tt6334354
2021-08-10 19:15,6,LILLE,tt7972012
2021-08-12 19:20,6,LILLE,tt6264654
2021-08-13 13:45,5,LILLE,tt15091284
2021-08-14 13:30,3,LILLE,tt12847022
2021-08-14 19:35,10,LILLE,tt9844522
2021-08-15 17:50,12,LILLE,tt6932874
2021-08-17 20:10,1,MAJESTIC,tt10023172
2021-08-19 18:15,10,LILLE,tt10392128
2021-08-20 20:20,1,MAJESTIC,tt13502758
2021-08-22 16:45,2,METROPOLE,tt14039582
2021-08-24 19:30,6,LILLE,tt10404944
2021-08-29 10:45,12,LILLE,tt9714030
2021-08-31 19:50,4,LILLE,tt3272066
2021-09-02 20:20,3,MAJESTIC,tt9193612
2021-09-05 13:35,10,LILLE,tt3811906
2021-09-05 16:00,8,LILLE,tt12444440
2021-09-07 19:15,6,LILLE,tt9376612
2021-09-09 20:15,11,LILLE,tt10738536
2021-09-11 13:50,4,LILLE,tt2452150
2021-09-12 18:10,1,MAJESTIC,tt11169050
2021-09-14 19:00,10,LILLE,tt10341034
2021-09-18 15:45,2,MAJESTIC,tt13142240
2021-09-18 21:05,12,LILLE,tt9731534
2021-09-21 18:40,6,LILLE,tt1160419
2021-09-25 11:00,4,LILLE,tt10696896
2021-09-25 13:30,1,METROPOLE,tt12847812
2021-09-26 16:15,2,METROPOLE,tt13137576
2021-09-28 20:10,12,LILLE,tt10551904
2021-10-02 14:00,2,METROPOLE,tt10196108
2021-10-02 15:50,3,METROPOLE,tt10965976
2021-10-05 19:00,6,LILLE,tt2382320
2021-10-10 13:50,5,MAJESTIC,tt11469408
2021-10-13 20:30,1,METROPOLE,tt13846372
2021-10-16 13:50,5,LILLE,tt10945288
2021-10-17 13:45,11,LILLE,tt11125620
2021-10-19 20:30,10,LILLE,tt4244994
2021-10-23 19:20,3,LILLE,tt7097896
2021-10-25 18:15,5,LILLE,tt15173948
2021-10-26 19:30,2,LILLE,tt10143308
2021-10-27 19:45,2,METROPOLE,tt10505316
2021-11-01 14:15,4,LILLE,tt10366514
2021-11-02 19:50,6,LILLE,tt13002242
2021-11-06 13:30,5,LILLE,tt13234058
2021-11-06 19:40,2,LILLE,tt14017122
2021-11-07 13:40,3,LILLE,tt9639470
2021-11-07 16:00,1,MAJESTIC,tt8847712
2021-11-09 20:35,6,LILLE,tt9032400
2021-11-11 14:00,4,LILLE,tt11610804
2021-11-13 10:40,13,LILLE,tt7504818
2021-11-13 16:45,3,LILLE,tt1924245
2021-11-14 14:00,2,LILLE,tt12708658
2021-11-14 16:15,4,MAJESTIC,tt13321730
2021-11-16 20:15,1,METROPOLE,tt9110904
2021-11-18 19:15,8,LILLE,tt7740510
2021-11-20 13:50,2,MAJESTIC,tt14068864
2021-11-21 11:14,5,MAJESTIC,tt13274576
2021-11-21 13:45,1,METROPOLE,tt11781806
2021-11-23 19:10,4,LILLE,tt9800670
2021-11-29 15:30,12,LILLE,tt14371818
2021-11-30 19:00,6,LILLE,tt15010786
2021-12-02 20:35,4,LILLE,tt11214590
2021-12-03 20:00,1,LILLE,tt13651628
2021-12-06 18:45,10,LILLE,tt12496706
2021-12-07 18:40,9,LILLE,tt12618926
2021-12-11 13:30,1,LILLE,tt3581652
2021-12-12 21:15,8,LILLE,tt2953050
2021-12-14 18:00,6,LILLE,tt12847352
2021-12-15 13:40,5,LILLE,tt14039392
2021-12-15 15:30,14,LILLE,tt4513678
2021-12-18 13:40,14,LILLE,tt9037650
2021-12-19 10:45,9,LILLE,tt6467266
2021-12-21 17:15,6,LILLE,tt10872600
2021-12-22 13:20,13,LILLE,tt13271264
2021-12-23 13:40,14,LILLE,tt10945274
2021-12-24 13:45,10,LILLE,tt14017174
2021-12-28 16:45,9,LILLE,tt10838180
2021-12-30 17:00,9,LILLE,tt6856242
2022-01-01 14:00,4,LILLE,tt14236348
2022-01-02 13:30,1,MAJESTIC,tt11196036
2022-01-05 21:00,9,LILLE,tt8356942
2022-01-08 13:20,9,LILLE,tt11310608
2022-01-12 21:15,8,LILLE,tt10545704
2022-01-16 14:00,1,MAJESTIC,tt11271038
2022-01-18 21:05,10,LILLE,tt11245972
2022-01-22 13:45,1,LILLE,tt7740496
2022-01-23 20:00,3,METROPOLE,tt9738784
2022-01-26 19:15,1,LILLE,tt13544716
2022-01-29 13:30,8,LILLE,tt13553662
2022-02-02 20:20,5,MAJESTIC,tt10986222
2022-02-08 18:30,4,METROPOLE,tt13492256
2022-02-09 19:45,8,LILLE,tt13774454
2022-02-11 18:30,1,LILLE,tt7657566
2022-02-11 20:45,4,LILLE,tt10223460
2022-02-16 18:50,1,LILLE,tt1464335
2022-02-19 13:55,4,LILLE,tt13460190
2022-02-20 16:20,10,LILLE,tt5834426
2022-02-23 19:30,3,LILLE,tt12847680
2022-02-25 18:15,8,LILLE,tt14060094
2022-02-26 13:30,10,LILLE,tt11557872
2022-03-05 14:00,1,LILLE,tt14073780
2022-03-05 15:45,11,LILLE,tt10545696
2022-03-06 13:44,5,MAJESTIC,tt13276012
2022-03-09 19:40,5,LILLE,tt13941852
2022-03-12 13:45,3,LILLE,tt1877830
2022-03-13 16:00,8,LILLE,tt13399946
2022-03-16 18:25,2,MAJESTIC,tt12789558
2022-03-19 19:10,12,LILLE,tt14331144
2022-03-20 13:30,2,LILLE,tt13892842
2022-03-22 19:45,14,LILLE,tt12883472
2022-03-27 14:00,4,LILLE,tt12264966
2022-03-29 20:30,9,LILLE,tt4998632
2022-03-31 18:40,8,LILLE,tt12412888
2022-04-02 16:00,6,MAJESTIC,tt13558022
2022-04-03 14:00,9,LILLE,tt13531468
2022-04-05 19:05,7,LILLE,tt14280366
2022-04-10 14:00,3,LILLE,tt16491386
2022-04-10 19:10,12,LILLE,tt8115900
2022-04-16 13:45,5,LILLE,tt5108870
2022-04-17 18:20,8,LILLE,tt12538726
2022-04-18 19:00,10,LILLE,tt17049112
2022-04-21 18:30,4,LILLE,tt13320622
2022-04-23 13:50,8,LILLE,tt11291274
2022-04-26 17:50,1,LILLE,tt4123432
2022-04-29 15:55,8,LILLE,tt1879016
2022-04-30 13:25,3,MAJESTIC,tt13845758
2022-05-06 16:15,12,LILLE,tt15740736
2022-05-08 14:00,1,LILLE,tt9419884
2022-05-10 18:00,6,MAJESTIC,tt11417856
2022-05-15 17:30,3,LILLE,tt17049104
2022-05-16 19:30,1,LILLE,tt11138512
2022-05-21 15:30,10,LILLE,tt13134894
2022-05-22 19:00,12,LILLE,tt19770970
2022-05-24 21:00,1,LILLE,tt1745960
2022-05-25 10:50,11,LILLE,tt14317880
2022-05-27 13:40,1,MAJESTIC,tt14549466
2022-05-28 20:25,2,MAJESTIC,tt14590650
2022-06-01 13:30,8,LILLE,tt1798632
2022-06-04 13:50,10,LILLE,tt10375632
2022-06-05 15:45,1,METROPOLE,tt11700260
2022-06-11 13:50,3,MAJESTIC,tt13758684
2022-06-14 20:45,1,LILLE,tt8041270
2022-06-15 19:45,11,LILLE,tt13145534
2022-06-18 13:30,12,LILLE,tt20383014
2022-06-25 10:30,13,LILLE,tt13841850
2022-06-25 13:45,7,LILLE,tt10515720
2022-06-26 13:40,13,LILLE,tt10415020
2022-06-26 18:50,1,LILLE,tt10298810
2022-06-28 19:00,8,LILLE,tt3704428
2022-07-05 18:50,2,LILLE,tt20673642
2022-07-08 20:30,11,LILLE,tt5113044
2022-07-09 13:55,14,LILLE,tt12819094
2022-07-12 20:30,4,MAJESTIC,tt8633464
2022-07-13 18:45,1,LILLE,tt10648342
2022-07-14 17:50,4,LILLE,tt19722066
2022-07-15 15:25,10,LILLE,tt12754776
2022-07-16 13:30,13,LILLE,tt13639204
2022-07-21 19:30,4,LILLE,tt15035902
2022-07-23 13:30,13,LILLE,tt5790684
2022-07-27 18:45,12,LILLE,tt8912936
2022-07-30 15:45,4,LILLE,tt15115280
2022-08-03 17:45,4,LILLE,tt14962428
2022-08-04 18:15,6,LILLE,tt12593682
2022-08-10 18:25,4,LILLE,tt10954984
2022-08-13 15:50,10,LILLE,tt17049058
2022-08-17 18:00,1,MAJESTIC,tt20225374
2022-08-20 17:30,12,LILLE,tt19858178
2022-08-24 18:30,8,LILLE,tt12071756
2022-08-27 17:25,1,LILLE,tt13223398
2022-08-28 11:10,1,MAJESTIC,tt9198364
2022-08-31 18:15,2,LILLE,tt15153138
2022-09-04 17:30,1,LILLE,tt6710474
2022-09-06 19:40,8,LILLE,tt14504294
2022-09-07 18:45,1,LILLE,tt9155512
2022-09-10 18:15,1,MAJESTIC,tt14913250
2022-09-11 15:55,6,LILLE,tt13349892
2022-09-15 19:30,11,LILLE,tt13640696
2022-09-17 15:40,12,LILLE,tt21438594
2022-09-18 15:50,4,LILLE,tt13429654
2022-09-24 10:50,6,LILLE,tt10731256
2022-09-26 18:40,14,LILLE,tt14586118
2022-09-29 20:30,9,LILLE,tt7322224
2022-10-04 17:40,10,LILLE,tt20249446
2022-10-08 13:45,1,LILLE,tt14542254
2022-10-08 15:30,14,LILLE,tt14200996
2022-10-09 11:00,6,LILLE,tt14614892
2022-10-15 13:50,5,LILLE,tt14109724
2022-10-16 14:10,8,LILLE,tt19841734
2022-10-18 17:30,13,LILLE,tt8093700
2022-10-22 14:00,1,LILLE,tt6443346
2022-10-22 21:00,10,LILLE,tt21249808
2022-10-23 16:15,5,LILLE,tt9731598
2022-10-26 18:30,13,LILLE,tt13361648
2022-10-29 13:45,11,LILLE,tt20511498
2022-11-01 17:15,8,LILLE,tt10304142
2022-11-05 15:50,10,LILLE,tt13560574
2022-11-06 15:20,1,LILLE,tt14534796
2022-11-10 17:15,1,LILLE,tt9114286
2022-11-12 16:45,1,METROPOLE,tt13217988
2022-11-15 17:45,1,MAJESTIC,tt10343028
2022-11-20 10:45,1,LILLE,tt9114286
2022-11-22 17:25,11,LILLE,tt21956982
2022-11-26 13:55,1,LILLE,tt9764362
2022-11-27 13:45,7,LILLE,tt13136332
2022-12-03 14:15,12,LILLE,tt10168670
2022-12-04 14:15,6,LILLE,tt14807308
2022-12-07 21:15,6,LILLE,tt3915174
2022-12-10 13:30,8,LILLE,tt14335980
2022-12-11 13:50,2,LILLE,tt17912040
2022-12-17 17:55,1,MAJESTIC,tt21042306
2022-12-20 18:10,3,LILLE,tt15471560
2022-12-23 16:30,10,LILLE,tt13729364
2022-12-26 17:10,1,LILLE,tt1630029
2022-12-28 13:40,2,MAJESTIC,tt15732372
2022-12-30 14:05,1,METROPOLE,tt11877386
2022-12-31 16:45,1,MAJESTIC,tt11813216
2023-01-04 17:30,5,LILLE,tt13056052
2023-01-05 20:15,2,METROPOLE,tt9051908
2023-01-07 14:00,9,LILLE,tt14860210
2023-01-14 13:45,5,LILLE,tt15377036
2023-01-18 18:00,9,LILLE,tt10640346
2023-01-21 18:30,10,LILLE,tt21627730
2023-01-25 18:30,6,MAJESTIC,tt13051724
2023-01-28 14:10,4,LILLE,tt5884796
2023-01-29 14:10,11,LILLE,tt14444726
2023-02-02 18:15,7,LILLE,tt15467380
2023-02-04 14:00,1,LILLE,tt11210390
2023-02-05 16:05,10,LILLE,tt15679400
2023-02-08 18:00,1,METROPOLE,tt17040210
2023-02-11 15:30,6,LILLE,tt20424172
2023-02-15 18:15,7,LILLE,tt4960748
2023-02-16 18:30,1,LILLE,tt10954600
2023-02-17 17:30,2,LILLE,tt23740404
2023-02-18 13:45,2,MAJESTIC,tt6722802
2023-02-23 18:50,2,LILLE,tt10855768
2023-02-25 13:30,1,METROPOLE,tt14208870
2023-03-02 20:00,6,MAJESTIC,tt9860350
2023-03-04 15:20,13,LILLE,tt23177868
2023-03-09 18:50,6,LILLE,tt11145118
2023-03-11 13:40,1,METROPOLE,tt20330434
2023-03-12 13:35,10,LILLE,tt17663992
